,0,1
0,1,Power Cord
1,1,Milk
2,1,Eggs
3,1,Tape
4,2,Power Cord
5,2,Paint
6,2,Nails
7,2,Milk
8,2,Eggs
9,2,Cereal
10,3,Bracket
11,3,Glue
12,4,Power Cord
13,4,Paint
14,4,Glue
15,4,Cereal
16,4,Tape
17,5,Paint
18,5,Nails
19,5,Milk
20,6,Power Cord
21,6,Phone Charger
22,6,Paint
23,6,Mouse
24,6,Milk
25,6,King Crab
26,6,Keyboard
27,6,Glue
28,6,Eggs
29,6,Cereal
30,6,Tape
31,7,Power Cord
32,7,Paint
33,7,Nails
34,7,Mouse
35,7,Milk
36,7,Glue
37,7,Eggs
38,7,Cereal
39,7,Tape
40,8,Bracket
41,8,Brush
42,8,Steak
43,8,Shrimp
44,8,Power Cord
45,8,Phone Charger
46,8,Paint
47,8,Noodles
48,8,Nails
49,8,Mouse
50,8,Milk
51,8,King Crab
52,8,Keyboard
53,8,Glue
54,8,Eggs
55,8,Ear Buds
56,8,Cereal
57,8,Tape
58,9,Nails
59,9,Milk
60,9,King Crab
61,9,Glue
62,9,Eggs
63,9,Tape
64,10,Steak
65,10,Noodles
66,10,Nails
67,10,King Crab
68,10,Eggs
69,10,Cereal
70,11,Bracket
71,11,Brush
72,11,Steak
73,11,Shrimp
74,11,Power Cord
75,11,Phone Charger
76,11,Paint
77,11,Noodles
78,11,Nails
79,11,Mouse
80,11,Milk
81,11,King Crab
82,11,Keyboard
83,11,Glue
84,11,Eggs
85,11,Ear Buds
86,11,Cereal
87,11,Tape
88,13,Bracket
89,13,Brush
90,13,Steak
91,13,Shrimp
92,13,Power Cord
93,13,Phone Charger
94,13,Paint
95,13,Noodles
96,13,Nails
97,13,Mouse
98,13,Milk
99,13,King Crab
100,13,Keyboard
101,13,Glue
102,13,Eggs
103,13,Ear Buds
104,13,Cereal
105,13,Tape
106,15,Power Cord
107,15,Paint
108,15,Nails
109,15,Mouse
110,15,Milk
111,15,King Crab
112,15,Glue
113,15,Eggs
114,16,Steak
115,16,Nails
116,16,Mouse
117,16,Milk
118,17,Steak
119,17,Noodles
120,17,Mouse
121,17,Milk
122,18,Nails
123,18,Mouse
124,18,Milk
125,18,Cereal
126,19,Power Cord
127,19,Milk
128,19,Eggs
129,20,Cereal
130,21,Brush
131,21,Steak
132,21,Paint
133,21,Milk
134,21,King Crab
135,21,Eggs
136,21,Cereal
137,23,Power Cord
138,23,Milk
139,23,King Crab
140,23,Eggs
141,23,Cereal
142,24,Milk
143,24,Eggs
144,24,Cereal
145,25,Brush
146,25,Milk
147,25,Eggs
148,25,Cereal
149,26,Brush
150,26,Phone Charger
151,26,Paint
152,26,Nails
153,26,Milk
154,26,Tape
155,27,Phone Charger
156,27,Mouse
157,27,Milk
158,27,King Crab
159,27,Tape
160,28,Bracket
161,28,Brush
162,28,Power Cord
163,28,Phone Charger
164,28,Noodles
165,28,Nails
166,28,Mouse
167,28,Milk
168,28,King Crab
169,28,Keyboard
170,28,Glue
171,28,Eggs
172,28,Ear Buds
173,28,Cereal
174,28,Tape
175,29,Power Cord
176,29,Paint
177,29,Nails
178,29,Milk
179,29,King Crab
180,29,Glue
181,30,Brush
182,30,Paint
183,30,Nails
184,30,Glue
185,30,Tape
186,31,Tape
187,32,Milk
188,32,Tape
189,33,Milk
190,35,Milk
191,36,Power Cord
192,36,Nails
193,36,Milk
194,36,King Crab
195,36,Glue
196,36,Eggs
197,36,Tape
198,38,Bracket
199,38,Brush
200,38,Steak
201,38,Nails
202,38,Milk
203,38,King Crab
204,38,Glue
205,38,Eggs
206,38,Cereal
207,38,Tape
208,39,Paint
209,39,Nails
210,39,Milk
211,39,Glue
212,39,Eggs
213,39,Tape
214,40,Eggs
215,41,Bracket
216,41,Brush
217,41,Steak
218,41,Shrimp
219,41,Power Cord
220,41,Phone Charger
221,41,Paint
222,41,Nails
223,41,Milk
224,41,King Crab
225,41,Keyboard
226,41,Glue
227,41,Eggs
228,41,Ear Buds
229,41,Cereal
230,41,Tape
231,42,Brush
232,42,Power Cord
233,42,Phone Charger
234,42,Paint
235,42,Milk
236,42,Glue
237,42,Eggs
238,42,Cereal
239,42,Tape
240,43,Brush
241,43,Steak
242,43,Milk
243,43,King Crab
244,46,Shrimp
245,46,Noodles
246,46,King Crab
247,46,Eggs
248,46,Cereal
249,46,Tape
250,47,Brush
251,47,Steak
252,47,Power Cord
253,47,Paint
254,47,Nails
255,47,Mouse
256,47,Milk
257,47,King Crab
258,47,Glue
259,47,Eggs
260,47,Cereal
261,48,Bracket
262,48,Brush
263,48,Steak
264,48,Shrimp
265,48,Power Cord
266,48,Phone Charger
267,48,Paint
268,48,Noodles
269,48,Nails
270,48,Mouse
271,48,Milk
272,48,King Crab
273,48,Keyboard
274,48,Glue
275,48,Eggs
276,48,Ear Buds
277,48,Cereal
278,48,Tape
279,50,Bracket
280,50,Brush
281,50,Steak
282,50,Shrimp
283,50,Power Cord
284,50,Paint
285,50,Noodles
286,50,Nails
287,50,Mouse
288,50,King Crab
289,50,Keyboard
290,50,Glue
291,50,Eggs
292,50,Ear Buds
293,50,Tape
294,51,Bracket
295,51,Brush
296,51,Steak
297,51,Shrimp
298,51,Power Cord
299,51,Paint
300,51,Noodles
301,51,Nails
302,51,Mouse
303,51,Milk
304,51,King Crab
305,51,Glue
306,51,Eggs
307,51,Ear Buds
308,51,Cereal
309,51,Tape
310,53,Tape
311,55,Milk
312,57,Power Cord
313,57,Phone Charger
314,57,Noodles
315,57,King Crab
316,57,Eggs
317,57,Cereal
318,58,Power Cord
319,58,Phone Charger
320,58,Paint
321,58,Nails
322,58,Milk
323,58,King Crab
324,58,Glue
325,58,Eggs
326,58,Cereal
327,58,Tape
328,61,King Crab
329,62,Brush
330,62,Power Cord
331,62,Nails
332,62,Milk
333,62,King Crab
334,62,Cereal
335,62,Tape
336,63,Bracket
337,63,Brush
338,63,Steak
339,63,Power Cord
340,63,Paint
341,63,Noodles
342,63,Nails
343,63,Milk
344,63,King Crab
345,63,Keyboard
346,63,Glue
347,63,Eggs
348,63,Cereal
349,63,Tape
350,64,Shrimp
351,64,Power Cord
352,64,Phone Charger
353,64,Paint
354,64,Nails
355,64,Mouse
356,64,Milk
357,64,King Crab
358,64,Glue
359,64,Eggs
360,64,Ear Buds
361,64,Cereal
362,64,Tape
363,65,Bracket
364,65,Brush
365,65,Steak
366,65,Power Cord
367,65,Phone Charger
368,65,Paint
369,65,Nails
370,65,Mouse
371,65,Milk
372,65,King Crab
373,65,Glue
374,65,Eggs
375,65,Cereal
376,65,Tape
377,66,Bracket
378,66,Brush
379,66,Power Cord
380,66,Phone Charger
381,66,Paint
382,66,Nails
383,66,Mouse
384,66,Milk
385,66,Glue
386,66,Tape
387,68,Steak
388,68,Milk
389,68,King Crab
390,68,Eggs
391,68,Cereal
392,69,Steak
393,69,Shrimp
394,69,Power Cord
395,69,Noodles
396,69,Milk
397,69,King Crab
398,69,Eggs
399,69,Cereal
400,69,Tape
401,70,Steak
402,70,Shrimp
403,70,Power Cord
404,70,Nails
405,70,Milk
406,70,King Crab
407,70,Eggs
408,70,Cereal
409,71,Bracket
410,71,Power Cord
411,71,Paint
412,71,Nails
413,71,Glue
414,72,Bracket
415,72,Brush
416,72,Steak
417,72,Shrimp
418,72,Power Cord
419,72,Phone Charger
420,72,Paint
421,72,Noodles
422,72,Nails
423,72,Mouse
424,72,Milk
425,72,King Crab
426,72,Keyboard
427,72,Glue
428,72,Eggs
429,72,Ear Buds
430,72,Cereal
431,72,Tape
432,74,Milk
433,74,King Crab
434,74,Cereal
435,75,Power Cord
436,75,Phone Charger
437,75,Paint
438,75,Nails
439,75,Milk
440,75,King Crab
441,75,Eggs
442,75,Cereal
443,76,Bracket
444,76,Brush
445,76,Steak
446,76,Power Cord
447,76,Paint
448,76,Noodles
449,76,Nails
450,76,Mouse
451,76,Milk
452,76,King Crab
453,76,Keyboard
454,76,Glue
455,76,Eggs
456,76,Ear Buds
457,76,Cereal
458,76,Tape
459,78,Bracket
460,78,Glue
461,78,Cereal
462,79,Glue
463,80,Paint
464,80,Glue
465,81,Power Cord
466,81,Nails
467,81,Milk
468,81,Glue
469,81,Tape
470,82,Brush
471,82,Paint
472,82,Nails
473,82,King Crab
474,82,Glue
475,82,Tape
476,83,Brush
477,83,Paint
478,84,Bracket
479,84,Brush
480,84,Steak
481,84,Power Cord
482,84,Phone Charger
483,84,Paint
484,84,Nails
485,84,Milk
486,84,King Crab
487,84,Glue
488,84,Eggs
489,84,Cereal
490,84,Tape
491,85,Nails
492,86,Milk
493,86,Cereal
494,88,Brush
495,94,Milk
496,97,Nails
497,104,Milk
498,107,Power Cord
499,107,Mouse
500,107,Cereal
501,109,Milk
502,111,King Crab
503,112,Bracket
504,112,Brush
505,112,Steak
506,112,Shrimp
507,112,Power Cord
508,112,Phone Charger
509,112,Paint
510,112,Noodles
511,112,Nails
512,112,Mouse
513,112,Milk
514,112,King Crab
515,112,Keyboard
516,112,Glue
517,112,Eggs
518,112,Ear Buds
519,112,Cereal
520,112,Tape
521,113,Paint
522,113,King Crab
523,116,Power Cord
524,116,Noodles
525,116,Mouse
526,116,Milk
527,116,King Crab
528,116,Eggs
529,116,Cereal
530,117,Brush
531,117,Milk
532,118,Power Cord
533,118,Phone Charger
534,118,Noodles
535,118,Mouse
536,118,Milk
537,118,King Crab
538,118,Glue
539,118,Eggs
540,118,Cereal
541,118,Tape
542,120,Brush
543,120,Milk
544,120,Cereal
545,121,Paint
546,121,Nails
547,121,Milk
548,121,King Crab
549,121,Glue
550,121,Tape
551,126,Milk
552,126,Tape
553,127,Milk
554,128,Nails
555,128,King Crab
556,128,Eggs
557,128,Cereal
558,131,Mouse
559,131,Milk
560,131,Keyboard
561,132,Steak
562,132,Shrimp
563,132,Power Cord
564,132,Milk
565,132,Eggs
566,132,Cereal
567,135,King Crab
568,136,Eggs
569,136,Tape
570,138,Eggs
571,138,Cereal
572,140,Power Cord
573,140,Paint
574,140,Milk
575,140,King Crab
576,140,Eggs
577,140,Cereal
578,140,Tape
579,143,Steak
580,143,Milk
581,143,Eggs
582,146,Power Cord
583,146,Cereal
584,146,Tape
585,147,Bracket
586,147,Brush
587,147,Steak
588,147,Shrimp
589,147,Power Cord
590,147,Phone Charger
591,147,Paint
592,147,Noodles
593,147,Nails
594,147,Mouse
595,147,Milk
596,147,King Crab
597,147,Keyboard
598,147,Glue
599,147,Eggs
600,147,Ear Buds
601,147,Cereal
602,147,Tape
603,149,Mouse
604,150,Bracket
605,150,Brush
606,150,Steak
607,150,Shrimp
608,150,Power Cord
609,150,Phone Charger
610,150,Paint
611,150,Noodles
612,150,Nails
613,150,Mouse
614,150,Milk
615,150,King Crab
616,150,Glue
617,150,Eggs
618,150,Ear Buds
619,150,Cereal
620,150,Tape
621,151,Eggs
622,153,Steak
623,153,Power Cord
624,153,Phone Charger
625,153,Noodles
626,153,Milk
627,153,King Crab
628,153,Eggs
629,153,Cereal
630,154,King Crab
631,155,Power Cord
632,156,Power Cord
633,156,Phone Charger
634,156,Milk
635,156,King Crab
636,156,Eggs
637,156,Tape
638,157,Power Cord
639,157,Nails
640,157,King Crab
641,157,Eggs
642,157,Cereal
643,157,Tape
644,158,Bracket
645,158,Power Cord
646,158,Paint
647,158,Nails
648,158,Milk
649,158,Eggs
650,159,Bracket
651,159,Brush
652,159,Power Cord
653,159,Nails
654,159,Glue
655,160,Steak
656,160,Nails
657,160,Milk
658,160,Glue
659,160,Eggs
660,161,Milk
661,162,Eggs
662,164,King Crab
663,165,Power Cord
664,165,Eggs
665,167,Brush
666,167,King Crab
667,170,Mouse
668,171,Brush
669,171,Nails
670,171,King Crab
671,171,Glue
672,171,Tape
673,172,Nails
674,173,Bracket
675,173,Brush
676,173,Steak
677,173,Shrimp
678,173,Power Cord
679,173,Phone Charger
680,173,Paint
681,173,Noodles
682,173,Nails
683,173,Mouse
684,173,Milk
685,173,King Crab
686,173,Keyboard
687,173,Glue
688,173,Eggs
689,173,Cereal
690,173,Tape
691,175,Bracket
692,175,Power Cord
693,175,Paint
694,175,Noodles
695,175,Mouse
696,175,Milk
697,175,Keyboard
698,175,Eggs
699,175,Ear Buds
700,175,Cereal
701,177,King Crab
702,178,Bracket
703,178,Brush
704,178,Steak
705,178,Shrimp
706,178,Power Cord
707,178,Phone Charger
708,178,Paint
709,178,Noodles
710,178,Nails
711,178,Mouse
712,178,Milk
713,178,King Crab
714,178,Keyboard
715,178,Glue
716,178,Eggs
717,178,Ear Buds
718,178,Cereal
719,178,Tape
720,179,Bracket
721,179,Steak
722,179,Power Cord
723,179,Phone Charger
724,179,Paint
725,179,Noodles
726,179,Nails
727,179,Mouse
728,179,Milk
729,179,King Crab
730,179,Glue
731,179,Eggs
732,179,Cereal
733,179,Tape
734,180,Milk
735,180,King Crab
736,180,Eggs
737,180,Cereal
738,181,Phone Charger
739,181,Milk
740,181,King Crab
741,182,King Crab
742,183,Steak
743,183,Paint
744,183,King Crab
745,194,Milk
746,195,Bracket
747,195,Paint
748,195,Mouse
749,195,Milk
750,196,Bracket
751,196,Brush
752,196,Power Cord
753,196,Paint
754,196,Nails
755,196,Milk
756,196,King Crab
757,196,Glue
758,196,Eggs
759,196,Cereal
760,196,Tape
761,199,Brush
762,199,Power Cord
763,199,Milk
764,199,Cereal
765,199,Tape
766,200,Paint
767,200,Mouse
768,200,Milk
769,200,King Crab
770,201,Milk
771,201,Eggs
772,203,Milk
773,203,King Crab
774,203,Eggs
775,204,Bracket
776,204,Brush
777,204,Steak
778,204,Shrimp
779,204,Power Cord
780,204,Phone Charger
781,204,Paint
782,204,Noodles
783,204,Nails
784,204,Mouse
785,204,Milk
786,204,King Crab
787,204,Keyboard
788,204,Glue
789,204,Eggs
790,204,Ear Buds
791,204,Cereal
792,205,Eggs
793,206,Eggs
794,207,Bracket
795,207,Brush
796,207,Steak
797,207,Power Cord
798,207,Phone Charger
799,207,Paint
800,207,Noodles
801,207,Nails
802,207,Milk
803,207,King Crab
804,207,Glue
805,207,Eggs
806,207,Ear Buds
807,207,Cereal
808,207,Tape
809,208,Bracket
810,208,Shrimp
811,208,Power Cord
812,208,Phone Charger
813,208,Paint
814,208,Noodles
815,208,Nails
816,208,Milk
817,208,Glue
818,208,Eggs
819,208,Cereal
820,208,Tape
821,209,Bracket
822,209,Brush
823,209,Paint
824,209,Milk
825,209,Glue
826,209,Tape
827,211,Bracket
828,211,Brush
829,211,Paint
830,211,Nails
831,211,Milk
832,211,King Crab
833,211,Eggs
834,211,Tape
835,212,Bracket
836,212,Power Cord
837,212,Nails
838,212,Milk
839,212,Glue
840,212,Cereal
841,212,Tape
842,213,Eggs
843,213,Cereal
844,215,Nails
845,216,Paint
846,217,Milk
847,217,Eggs
848,217,Cereal
849,218,Steak
850,218,Shrimp
851,218,Power Cord
852,218,Phone Charger
853,218,Noodles
854,218,Mouse
855,218,Milk
856,218,King Crab
857,218,Eggs
858,218,Ear Buds
859,219,Power Cord
860,219,Paint
861,219,Noodles
862,219,Milk
863,219,King Crab
864,219,Glue
865,219,Tape
866,220,Bracket
867,220,Paint
868,220,Milk
869,220,King Crab
870,220,Eggs
871,220,Cereal
872,221,King Crab
873,223,Power Cord
874,223,Milk
875,223,Cereal
876,226,Bracket
877,226,Brush
878,226,Shrimp
879,226,Power Cord
880,226,Phone Charger
881,226,Noodles
882,226,Nails
883,226,Milk
884,226,King Crab
885,226,Keyboard
886,226,Glue
887,226,Eggs
888,226,Cereal
889,226,Tape
890,227,Steak
891,227,Power Cord
892,227,Paint
893,227,Milk
894,227,King Crab
895,227,Cereal
896,228,Brush
897,228,Noodles
898,228,Mouse
899,228,Milk
900,228,Glue
901,228,Eggs
902,228,Cereal
903,230,Power Cord
904,230,Milk
905,230,Eggs
906,232,Steak
907,232,Power Cord
908,232,Milk
909,232,King Crab
910,232,Eggs
911,232,Cereal
912,232,Tape
913,233,King Crab
914,234,Steak
915,234,Power Cord
916,234,Noodles
917,234,King Crab
918,234,Eggs
919,234,Cereal
920,234,Tape
921,236,Shrimp
922,236,King Crab
923,236,Eggs
924,236,Cereal
925,237,Paint
926,237,Nails
927,237,Milk
928,239,Bracket
929,239,Brush
930,239,Steak
931,239,Shrimp
932,239,Power Cord
933,239,Paint
934,239,Noodles
935,239,Nails
936,239,Mouse
937,239,Milk
938,239,King Crab
939,239,Glue
940,239,Eggs
941,239,Ear Buds
942,239,Cereal
943,239,Tape
944,241,Milk
945,241,Cereal
946,242,Brush
947,242,Power Cord
948,242,Paint
949,242,Nails
950,242,Milk
951,242,Glue
952,242,Eggs
953,244,Glue
954,246,Milk
955,248,Steak
956,248,Shrimp
957,248,Power Cord
958,248,Phone Charger
959,248,Paint
960,248,Nails
961,248,Mouse
962,248,Milk
963,248,King Crab
964,248,Keyboard
965,248,Glue
966,248,Eggs
967,248,Ear Buds
968,248,Cereal
969,248,Tape
970,249,Brush
971,249,Power Cord
972,249,Phone Charger
973,249,Paint
974,249,Milk
975,249,King Crab
976,249,Keyboard
977,249,Glue
978,249,Eggs
979,250,King Crab
980,251,Mouse
981,252,Eggs
982,253,Nails
983,253,Milk
984,253,King Crab
985,253,Glue
986,256,Brush
987,258,Bracket
988,258,Steak
989,258,Shrimp
990,258,Power Cord
991,258,Phone Charger
992,258,Paint
993,258,Noodles
994,258,Nails
995,258,Mouse
996,258,Milk
997,258,King Crab
998,258,Keyboard
999,258,Glue
1000,258,Eggs
1001,258,Ear Buds
1002,258,Cereal
1003,258,Tape
1004,259,Bracket
1005,259,Brush
1006,259,Steak
1007,259,Shrimp
1008,259,Power Cord
1009,259,Phone Charger
1010,259,Paint
1011,259,Noodles
1012,259,Nails
1013,259,Milk
1014,259,King Crab
1015,259,Glue
1016,259,Eggs
1017,259,Ear Buds
1018,259,Cereal
1019,259,Tape
1020,260,Steak
1021,260,Shrimp
1022,260,Power Cord
1023,260,Phone Charger
1024,260,Paint
1025,260,Noodles
1026,260,Nails
1027,260,Mouse
1028,260,Milk
1029,260,King Crab
1030,260,Glue
1031,260,Eggs
1032,260,Ear Buds
1033,260,Cereal
1034,260,Tape
1035,261,Milk
1036,262,Milk
1037,262,Eggs
1038,262,Tape
1039,264,Milk
1040,264,King Crab
1041,264,Cereal
1042,265,Milk
1043,265,Cereal
1044,265,Tape
1045,267,Steak
1046,267,Shrimp
1047,267,Power Cord
1048,267,Noodles
1049,267,Milk
1050,267,King Crab
1051,267,Eggs
1052,267,Cereal
1053,268,Mouse
1054,273,Steak
1055,273,Shrimp
1056,273,Power Cord
1057,273,Noodles
1058,273,Milk
1059,273,King Crab
1060,273,Eggs
1061,273,Cereal
1062,274,Bracket
1063,274,Brush
1064,274,Steak
1065,274,Shrimp
1066,274,Power Cord
1067,274,Phone Charger
1068,274,Paint
1069,274,Noodles
1070,274,Nails
1071,274,Mouse
1072,274,Milk
1073,274,King Crab
1074,274,Keyboard
1075,274,Glue
1076,274,Eggs
1077,274,Ear Buds
1078,274,Cereal
1079,274,Tape
1080,275,Power Cord
1081,275,Milk
1082,275,King Crab
1083,276,Brush
1084,276,Shrimp
1085,276,Mouse
1086,276,Milk
1087,276,King Crab
1088,276,Cereal
1089,277,Steak
1090,277,Shrimp
1091,277,King Crab
1092,277,Glue
1093,277,Cereal
1094,277,Tape
1095,280,Bracket
1096,280,Brush
1097,282,Milk
1098,283,Milk
1099,284,Milk
1100,284,Eggs
1101,284,Cereal
1102,284,Tape
1103,285,Milk
1104,285,King Crab
1105,285,Eggs
1106,286,Brush
1107,288,Bracket
1108,288,Brush
1109,288,Steak
1110,288,Shrimp
1111,288,Power Cord
1112,288,Phone Charger
1113,288,Paint
1114,288,Noodles
1115,288,Nails
1116,288,Mouse
1117,288,Milk
1118,288,King Crab
1119,288,Keyboard
1120,288,Glue
1121,288,Eggs
1122,288,Ear Buds
1123,288,Cereal
1124,288,Tape
1125,289,Brush
1126,289,Nails
1127,289,Milk
1128,289,Eggs
1129,290,Bracket
1130,290,Brush
1131,290,Steak
1132,290,Shrimp
1133,290,Power Cord
1134,290,Paint
1135,290,Nails
1136,290,Mouse
1137,290,Milk
1138,290,King Crab
1139,290,Keyboard
1140,290,Glue
1141,290,Eggs
1142,290,Cereal
1143,290,Tape
1144,291,Steak
1145,291,Paint
1146,291,Mouse
1147,291,Milk
1148,292,Bracket
1149,292,Brush
1150,292,Steak
1151,292,Shrimp
1152,292,Power Cord
1153,292,Phone Charger
1154,292,Paint
1155,292,Noodles
1156,292,Nails
1157,292,Mouse
1158,292,Milk
1159,292,King Crab
1160,292,Keyboard
1161,292,Glue
1162,292,Eggs
1163,292,Ear Buds
1164,292,Cereal
1165,292,Tape
1166,293,Bracket
1167,293,Brush
1168,294,Milk
1169,295,Power Cord
1170,295,Milk
1171,295,Eggs
1172,295,Cereal
1173,295,Tape
1174,298,Bracket
1175,298,Brush
1176,298,Steak
1177,298,Shrimp
1178,298,Power Cord
1179,298,Phone Charger
1180,298,Paint
1181,298,Noodles
1182,298,Nails
1183,298,Mouse
1184,298,Milk
1185,298,King Crab
1186,298,Keyboard
1187,298,Glue
1188,298,Eggs
1189,298,Ear Buds
1190,298,Cereal
1191,298,Tape
1192,300,Brush
1193,300,Steak
1194,300,Power Cord
1195,300,Paint
1196,300,Noodles
1197,300,Nails
1198,300,Milk
1199,300,King Crab
1200,300,Eggs
1201,300,Tape
1202,302,Milk
1203,302,Eggs
1204,302,Cereal
1205,304,Eggs
1206,305,Steak
1207,305,Mouse
1208,305,King Crab
1209,306,Milk
1210,307,Steak
1211,307,Power Cord
1212,307,Noodles
1213,307,Milk
1214,307,Eggs
1215,307,Tape
1216,310,Milk
1217,310,King Crab
1218,310,Eggs
1219,312,Bracket
1220,312,Steak
1221,312,Shrimp
1222,312,Power Cord
1223,312,Paint
1224,312,Nails
1225,312,Mouse
1226,312,Milk
1227,312,Glue
1228,312,Cereal
1229,312,Tape
1230,313,Power Cord
1231,313,Paint
1232,313,Nails
1233,313,Milk
1234,313,Tape
1235,314,Power Cord
1236,314,Milk
1237,314,Eggs
1238,315,Bracket
1239,315,Power Cord
1240,315,Paint
1241,315,Nails
1242,315,Milk
1243,315,Eggs
1244,316,Steak
1245,316,Shrimp
1246,316,Power Cord
1247,316,Nails
1248,316,Milk
1249,316,King Crab
1250,316,Eggs
1251,316,Cereal
1252,318,Paint
1253,320,Milk
1254,322,Bracket
1255,322,Paint
1256,322,Nails
1257,322,King Crab
1258,323,Bracket
1259,323,Nails
1260,323,Milk
1261,323,King Crab
1262,323,Glue
1263,323,Eggs
1264,323,Cereal
1265,323,Tape
1266,324,Milk
1267,324,Tape
1268,325,Phone Charger
1269,325,Paint
1270,325,Noodles
1271,327,Nails
1272,327,Milk
1273,327,Tape
1274,328,Milk
1275,329,Steak
1276,329,Power Cord
1277,329,Phone Charger
1278,329,Noodles
1279,329,Milk
1280,329,King Crab
1281,329,Eggs
1282,329,Cereal
1283,329,Tape
1284,330,Steak
1285,330,Shrimp
1286,330,Power Cord
1287,330,Phone Charger
1288,330,Paint
1289,330,Noodles
1290,330,Mouse
1291,330,Milk
1292,330,King Crab
1293,330,Glue
1294,330,Eggs
1295,330,Ear Buds
1296,330,Cereal
1297,331,Steak
1298,331,Power Cord
1299,331,Milk
1300,332,Milk
1301,333,Steak
1302,333,Noodles
1303,333,Milk
1304,333,King Crab
1305,333,Eggs
1306,335,Bracket
1307,335,Shrimp
1308,335,King Crab
1309,335,Eggs
1310,335,Cereal
1311,336,Steak
1312,336,Shrimp
1313,336,Power Cord
1314,336,Phone Charger
1315,336,Noodles
1316,336,Mouse
1317,336,Milk
1318,336,King Crab
1319,336,Eggs
1320,336,Cereal
1321,337,Milk
1322,337,King Crab
1323,337,Eggs
1324,337,Cereal
1325,342,Power Cord
1326,342,Noodles
1327,342,Milk
1328,342,King Crab
1329,342,Cereal
1330,342,Tape
1331,343,Power Cord
1332,343,Milk
1333,343,Eggs
1334,345,Milk
1335,345,King Crab
1336,345,Eggs
1337,345,Cereal
1338,347,Tape
1339,349,Brush
1340,349,Power Cord
1341,349,Phone Charger
1342,349,Paint
1343,349,Nails
1344,349,Mouse
1345,349,Milk
1346,349,Ear Buds
1347,349,Cereal
1348,350,Power Cord
1349,350,Noodles
1350,350,Milk
1351,350,King Crab
1352,350,Eggs
1353,350,Cereal
1354,351,King Crab
1355,351,Eggs
1356,351,Tape
1357,352,Steak
1358,352,Shrimp
1359,352,Power Cord
1360,352,Paint
1361,352,Noodles
1362,352,Milk
1363,352,King Crab
1364,352,Eggs
1365,352,Cereal
1366,353,Milk
1367,355,Eggs
1368,355,Tape
1369,357,Paint
1370,357,Nails
1371,357,Milk
1372,357,King Crab
1373,357,Glue
1374,358,Power Cord
1375,358,Paint
1376,358,Nails
1377,358,Milk
1378,358,King Crab
1379,358,Keyboard
1380,358,Glue
1381,358,Eggs
1382,359,Bracket
1383,359,Brush
1384,359,Steak
1385,359,Shrimp
1386,359,Power Cord
1387,359,Phone Charger
1388,359,Paint
1389,359,Noodles
1390,359,Nails
1391,359,Mouse
1392,359,Milk
1393,359,King Crab
1394,359,Keyboard
1395,359,Glue
1396,359,Eggs
1397,359,Ear Buds
1398,359,Cereal
1399,359,Tape
1400,362,Power Cord
1401,363,Bracket
1402,363,Brush
1403,363,Steak
1404,363,Shrimp
1405,363,Power Cord
1406,363,Phone Charger
1407,363,Paint
1408,363,Noodles
1409,363,Nails
1410,363,Mouse
1411,363,Milk
1412,363,King Crab
1413,363,Keyboard
1414,363,Glue
1415,363,Eggs
1416,363,Ear Buds
1417,363,Cereal
1418,363,Tape
1419,364,Milk
1420,364,Eggs
1421,365,Milk
1422,366,Milk
1423,369,Milk
1424,369,King Crab
1425,369,Eggs
1426,373,Steak
1427,373,Phone Charger
1428,373,King Crab
1429,374,King Crab
1430,374,Eggs
1431,374,Cereal
1432,375,Steak
1433,375,Shrimp
1434,375,Power Cord
1435,375,Milk
1436,375,King Crab
1437,375,Eggs
1438,377,Bracket
1439,377,Brush
1440,377,Paint
1441,377,Nails
1442,377,Milk
1443,378,Bracket
1444,378,Brush
1445,378,Steak
1446,378,Shrimp
1447,378,Power Cord
1448,378,Phone Charger
1449,378,Paint
1450,378,Noodles
1451,378,Nails
1452,378,Mouse
1453,378,Milk
1454,378,King Crab
1455,378,Keyboard
1456,378,Glue
1457,378,Eggs
1458,378,Ear Buds
1459,378,Cereal
1460,378,Tape
1461,379,King Crab
1462,380,Steak
1463,380,Shrimp
1464,380,Power Cord
1465,380,Phone Charger
1466,380,Noodles
1467,380,Milk
1468,380,King Crab
1469,380,Eggs
1470,380,Cereal
1471,381,Bracket
1472,381,Paint
1473,381,Nails
1474,381,Mouse
1475,381,King Crab
1476,381,Cereal
1477,381,Tape
1478,382,Milk
1479,382,King Crab
1480,382,Cereal
1481,383,Bracket
1482,383,Brush
1483,383,Steak
1484,383,Shrimp
1485,383,Power Cord
1486,383,Phone Charger
1487,383,Paint
1488,383,Noodles
1489,383,Nails
1490,383,Mouse
1491,383,Milk
1492,383,King Crab
1493,383,Keyboard
1494,383,Glue
1495,383,Eggs
1496,383,Ear Buds
1497,383,Cereal
1498,383,Tape
1499,384,Brush
1500,384,Power Cord
1501,384,Milk
1502,384,Eggs
1503,385,Bracket
1504,385,Brush
1505,385,Steak
1506,385,Shrimp
1507,385,Power Cord
1508,385,Phone Charger
1509,385,Paint
1510,385,Noodles
1511,385,Nails
1512,385,Mouse
1513,385,Milk
1514,385,King Crab
1515,385,Keyboard
1516,385,Glue
1517,385,Eggs
1518,385,Ear Buds
1519,385,Cereal
1520,385,Tape
1521,386,Mouse
1522,386,Milk
1523,386,Keyboard
1524,386,Glue
1525,387,Bracket
1526,387,Brush
1527,387,Steak
1528,387,Shrimp
1529,387,Power Cord
1530,387,Phone Charger
1531,387,Paint
1532,387,Noodles
1533,387,Nails
1534,387,Mouse
1535,387,Milk
1536,387,King Crab
1537,387,Keyboard
1538,387,Glue
1539,387,Eggs
1540,387,Ear Buds
1541,387,Cereal
1542,387,Tape
1543,388,Cereal
1544,389,Steak
1545,389,Paint
1546,389,Mouse
1547,389,Milk
1548,389,King Crab
1549,392,Bracket
1550,392,Brush
1551,392,Steak
1552,392,Shrimp
1553,392,Power Cord
1554,392,Phone Charger
1555,392,Paint
1556,392,Noodles
1557,392,Nails
1558,392,Mouse
1559,392,Milk
1560,392,King Crab
1561,392,Keyboard
1562,392,Glue
1563,392,Eggs
1564,392,Ear Buds
1565,392,Cereal
1566,392,Tape
1567,395,Milk
1568,396,Brush
1569,396,Power Cord
1570,396,Phone Charger
1571,396,Noodles
1572,396,Nails
1573,396,Mouse
1574,396,Milk
1575,396,Keyboard
1576,397,Bracket
1577,397,Brush
1578,397,Steak
1579,397,Power Cord
1580,397,Paint
1581,397,Noodles
1582,397,Nails
1583,397,Mouse
1584,397,Keyboard
1585,397,Ear Buds
1586,398,Paint
1587,398,Noodles
1588,398,Nails
1589,398,Milk
1590,398,King Crab
1591,398,Eggs
1592,398,Tape
1593,401,Bracket
1594,401,Brush
1595,401,Phone Charger
1596,401,Nails
1597,401,Mouse
1598,401,Glue
1599,401,Tape
1600,402,Brush
1601,402,Milk
1602,402,Eggs
1603,408,Bracket
1604,408,Paint
1605,408,Nails
1606,409,Brush
1607,409,Steak
1608,409,Shrimp
1609,409,Power Cord
1610,409,Phone Charger
1611,409,Noodles
1612,409,Nails
1613,409,Mouse
1614,409,Milk
1615,409,King Crab
1616,409,Eggs
1617,409,Ear Buds
1618,409,Cereal
1619,409,Tape
1620,410,Power Cord
1621,410,Milk
1622,412,Power Cord
1623,412,Paint
1624,412,Milk
1625,412,Eggs
1626,412,Cereal
1627,413,Bracket
1628,413,Paint
1629,413,Milk
1630,413,King Crab
1631,417,Brush
1632,417,Nails
1633,417,Milk
1634,417,Eggs
1635,417,Cereal
1636,417,Tape
1637,418,Nails
1638,419,Power Cord
1639,419,Mouse
1640,419,Milk
1641,419,Eggs
1642,421,Tape
1643,422,Milk
1644,423,Power Cord
1645,423,Milk
1646,423,King Crab
1647,423,Eggs
1648,423,Cereal
1649,424,Bracket
1650,424,Brush
1651,424,Power Cord
1652,424,Paint
1653,424,Noodles
1654,424,Nails
1655,424,Glue
1656,424,Eggs
1657,424,Tape
1658,425,Shrimp
1659,425,Nails
1660,425,Milk
1661,426,Milk
1662,426,Eggs
1663,429,Eggs
1664,430,Brush
1665,430,Steak
1666,430,Shrimp
1667,430,Power Cord
1668,430,Phone Charger
1669,430,Paint
1670,430,Noodles
1671,430,Nails
1672,430,Mouse
1673,430,Milk
1674,430,King Crab
1675,430,Keyboard
1676,430,Glue
1677,430,Eggs
1678,430,Ear Buds
1679,430,Cereal
1680,430,Tape
1681,431,Steak
1682,431,Shrimp
1683,431,Power Cord
1684,431,Noodles
1685,431,Mouse
1686,431,Milk
1687,431,King Crab
1688,431,Eggs
1689,431,Ear Buds
1690,431,Cereal
1691,431,Tape
1692,432,Power Cord
1693,432,Milk
1694,432,King Crab
1695,432,Eggs
1696,433,Brush
1697,433,Steak
1698,433,Power Cord
1699,433,Phone Charger
1700,433,Paint
1701,433,Noodles
1702,433,Nails
1703,433,Milk
1704,433,King Crab
1705,433,Eggs
1706,433,Cereal
1707,433,Tape
1708,434,Power Cord
1709,434,Phone Charger
1710,434,Milk
1711,434,Eggs
1712,434,Cereal
1713,434,Tape
1714,435,Eggs
1715,437,Bracket
1716,437,Steak
1717,437,Shrimp
1718,437,Phone Charger
1719,437,Paint
1720,437,Noodles
1721,437,King Crab
1722,437,Keyboard
1723,437,Glue
1724,437,Eggs
1725,437,Cereal
1726,437,Tape
1727,440,Milk
1728,440,Eggs
1729,441,Bracket
1730,441,Power Cord
1731,441,Phone Charger
1732,441,Paint
1733,441,Noodles
1734,441,Nails
1735,441,Milk
1736,441,King Crab
1737,441,Keyboard
1738,441,Glue
1739,441,Eggs
1740,441,Tape
1741,442,Nails
1742,442,Milk
1743,442,Tape
1744,444,Paint
1745,444,Nails
1746,445,Bracket
1747,445,Steak
1748,445,Power Cord
1749,445,Phone Charger
1750,445,Paint
1751,445,Nails
1752,445,Mouse
1753,445,Milk
1754,445,King Crab
1755,445,Keyboard
1756,445,Glue
1757,445,Eggs
1758,445,Cereal
1759,445,Tape
1760,446,Tape
1761,447,Power Cord
1762,447,Paint
1763,447,Eggs
1764,450,Steak
1765,450,Power Cord
1766,450,Nails
1767,450,Milk
1768,450,King Crab
1769,450,Glue
1770,450,Eggs
1771,450,Tape
1772,451,Milk
1773,452,Milk
1774,453,Bracket
1775,453,Brush
1776,453,Power Cord
1777,453,Paint
1778,453,Nails
1779,453,Mouse
1780,453,Milk
1781,453,Tape
1782,455,Nails
1783,455,Eggs
1784,455,Cereal
1785,457,Paint
1786,457,Milk
1787,457,Eggs
1788,458,King Crab
1789,460,Eggs
1790,461,Power Cord
1791,461,Nails
1792,461,Milk
1793,461,King Crab
1794,461,Eggs
1795,463,Bracket
1796,463,Power Cord
1797,463,Phone Charger
1798,463,Paint
1799,463,Nails
1800,463,King Crab
1801,463,Keyboard
1802,463,Glue
1803,463,Eggs
1804,464,Brush
1805,464,Steak
1806,464,Shrimp
1807,464,Power Cord
1808,464,Phone Charger
1809,464,Paint
1810,464,Noodles
1811,464,Nails
1812,464,Mouse
1813,464,Milk
1814,464,King Crab
1815,464,Glue
1816,464,Eggs
1817,464,Cereal
1818,464,Tape
1819,467,Brush
1820,467,Power Cord
1821,467,Paint
1822,467,Milk
1823,467,King Crab
1824,467,Eggs
1825,467,Cereal
1826,468,Paint
1827,468,King Crab
1828,469,Power Cord
1829,469,Milk
1830,469,Eggs
1831,470,Shrimp
1832,470,Power Cord
1833,470,Noodles
1834,470,Nails
1835,470,Milk
1836,470,King Crab
1837,470,Eggs
1838,470,Cereal
1839,470,Tape
1840,471,Milk
1841,472,Brush
1842,472,Milk
1843,473,Power Cord
1844,473,Noodles
1845,473,Milk
1846,473,King Crab
1847,473,Eggs
1848,474,Steak
1849,474,Shrimp
1850,474,Power Cord
1851,474,Milk
1852,474,King Crab
1853,474,Eggs
1854,474,Cereal
1855,475,Milk
1856,475,Eggs
1857,475,Cereal
1858,476,Cereal
1859,477,Milk
1860,477,King Crab
1861,478,Mouse
1862,478,Milk
1863,479,Power Cord
1864,479,Nails
1865,482,Power Cord
1866,482,Mouse
1867,482,Milk
1868,482,King Crab
1869,482,Eggs
1870,482,Cereal
1871,483,Power Cord
1872,483,Nails
1873,483,Milk
1874,483,Eggs
1875,483,Cereal
1876,486,Milk
1877,486,King Crab
1878,486,Eggs
1879,486,Cereal
1880,487,Bracket
1881,487,Brush
1882,487,Steak
1883,487,Shrimp
1884,487,Power Cord
1885,487,Phone Charger
1886,487,Paint
1887,487,Noodles
1888,487,Nails
1889,487,Mouse
1890,487,Milk
1891,487,King Crab
1892,487,Keyboard
1893,487,Glue
1894,487,Eggs
1895,487,Ear Buds
1896,487,Cereal
1897,487,Tape
1898,488,Paint
1899,488,Nails
1900,490,Milk
1901,494,Eggs
1902,495,Milk
1903,496,Bracket
1904,496,Brush
1905,496,Steak
1906,496,Shrimp
1907,496,Power Cord
1908,496,Phone Charger
1909,496,Paint
1910,496,Noodles
1911,496,Nails
1912,496,Mouse
1913,496,Milk
1914,496,King Crab
1915,496,Keyboard
1916,496,Glue
1917,496,Eggs
1918,496,Ear Buds
1919,496,Cereal
1920,496,Tape
1921,497,Bracket
1922,497,Brush
1923,497,Steak
1924,497,Power Cord
1925,497,Paint
1926,497,Nails
1927,497,Milk
1928,497,King Crab
1929,497,Glue
1930,497,Eggs
1931,497,Cereal
1932,497,Tape
1933,499,Brush
1934,500,Milk
1935,500,Eggs
1936,500,Cereal
1937,501,Noodles
1938,501,Milk
1939,501,Eggs
1940,501,Cereal
1941,501,Tape
1942,502,Paint
1943,503,Nails
1944,504,Bracket
1945,504,Brush
1946,504,Steak
1947,504,Shrimp
1948,504,Power Cord
1949,504,Phone Charger
1950,504,Paint
1951,504,Noodles
1952,504,Nails
1953,504,Mouse
1954,504,Milk
1955,504,King Crab
1956,504,Keyboard
1957,504,Glue
1958,504,Eggs
1959,504,Ear Buds
1960,504,Cereal
1961,504,Tape
1962,505,Eggs
1963,506,Bracket
1964,506,Brush
1965,506,Steak
1966,506,Shrimp
1967,506,Power Cord
1968,506,Phone Charger
1969,506,Paint
1970,506,Noodles
1971,506,Nails
1972,506,Mouse
1973,506,Milk
1974,506,King Crab
1975,506,Keyboard
1976,506,Glue
1977,506,Eggs
1978,506,Ear Buds
1979,506,Cereal
1980,506,Tape
1981,507,Nails
1982,508,Brush
1983,508,Steak
1984,508,Power Cord
1985,508,Noodles
1986,508,Milk
1987,508,King Crab
1988,508,Eggs
1989,508,Ear Buds
1990,508,Cereal
1991,509,Shrimp
1992,509,Milk
1993,509,King Crab
1994,509,Eggs
1995,509,Cereal
1996,510,Power Cord
1997,510,Phone Charger
1998,510,Milk
1999,511,Steak
2000,511,Power Cord
2001,511,Milk
2002,511,King Crab
2003,511,Eggs
2004,511,Cereal
2005,511,Tape
2006,512,Noodles
2007,512,Milk
2008,513,Bracket
2009,513,Brush
2010,513,Steak
2011,513,Shrimp
2012,513,Power Cord
2013,513,Phone Charger
2014,513,Paint
2015,513,Noodles
2016,513,Nails
2017,513,Milk
2018,513,King Crab
2019,513,Keyboard
2020,513,Glue
2021,513,Eggs
2022,513,Ear Buds
2023,513,Cereal
2024,513,Tape
2025,514,Bracket
2026,514,Brush
2027,514,Steak
2028,514,Shrimp
2029,514,Power Cord
2030,514,Phone Charger
2031,514,Paint
2032,514,Noodles
2033,514,Nails
2034,514,Mouse
2035,514,Milk
2036,514,King Crab
2037,514,Keyboard
2038,514,Glue
2039,514,Eggs
2040,514,Ear Buds
2041,514,Cereal
2042,514,Tape
2043,516,Paint
2044,516,Milk
2045,517,Milk
2046,517,King Crab
2047,517,Cereal
2048,518,Shrimp
2049,518,Power Cord
2050,518,Milk
2051,518,King Crab
2052,518,Cereal
2053,518,Tape
2054,519,Power Cord
2055,519,Milk
2056,520,Bracket
2057,520,Brush
2058,520,Shrimp
2059,520,Power Cord
2060,520,Noodles
2061,520,Nails
2062,520,Milk
2063,520,King Crab
2064,520,Eggs
2065,520,Ear Buds
2066,520,Cereal
2067,520,Tape
2068,523,Noodles
2069,523,Milk
2070,523,Eggs
2071,523,Cereal
2072,523,Tape
2073,524,Bracket
2074,524,Brush
2075,524,Shrimp
2076,524,Power Cord
2077,524,Paint
2078,524,Noodles
2079,524,Nails
2080,524,Mouse
2081,524,Milk
2082,524,King Crab
2083,524,Keyboard
2084,524,Eggs
2085,524,Cereal
2086,524,Tape
2087,525,Steak
2088,525,Paint
2089,525,Noodles
2090,525,Milk
2091,525,King Crab
2092,525,Eggs
2093,525,Cereal
2094,525,Tape
2095,528,Nails
2096,528,Milk
2097,529,Brush
2098,532,Bracket
2099,532,Brush
2100,532,Steak
2101,532,Power Cord
2102,532,Paint
2103,532,Milk
2104,532,King Crab
2105,532,Glue
2106,532,Eggs
2107,532,Cereal
2108,532,Tape
2109,533,Bracket
2110,533,Brush
2111,533,Steak
2112,533,Shrimp
2113,533,Power Cord
2114,533,Phone Charger
2115,533,Paint
2116,533,Noodles
2117,533,Nails
2118,533,Mouse
2119,533,Milk
2120,533,King Crab
2121,533,Keyboard
2122,533,Glue
2123,533,Eggs
2124,533,Ear Buds
2125,533,Cereal
2126,533,Tape
2127,534,Bracket
2128,534,Brush
2129,534,Power Cord
2130,534,Paint
2131,534,Mouse
2132,534,Milk
2133,534,King Crab
2134,534,Cereal
2135,534,Tape
2136,535,Paint
2137,536,Brush
2138,536,Paint
2139,536,Milk
2140,536,Tape
2141,537,Milk
2142,538,Nails
2143,539,Milk
2144,539,Cereal
2145,540,King Crab
2146,540,Eggs
2147,542,Bracket
2148,542,Brush
2149,542,Steak
2150,542,Shrimp
2151,542,Power Cord
2152,542,Phone Charger
2153,542,Paint
2154,542,Noodles
2155,542,Nails
2156,542,Mouse
2157,542,Milk
2158,542,King Crab
2159,542,Keyboard
2160,542,Glue
2161,542,Eggs
2162,542,Ear Buds
2163,542,Cereal
2164,542,Tape
2165,544,Power Cord
2166,544,Milk
2167,545,Steak
2168,545,Shrimp
2169,545,Power Cord
2170,545,Mouse
2171,545,Milk
2172,545,King Crab
2173,545,Eggs
2174,545,Cereal
2175,545,Tape
2176,547,King Crab
2177,548,Brush
2178,548,Milk
2179,549,Bracket
2180,549,Shrimp
2181,549,Power Cord
2182,549,Phone Charger
2183,549,Paint
2184,549,Nails
2185,549,Mouse
2186,549,Milk
2187,549,King Crab
2188,549,Keyboard
2189,549,Glue
2190,549,Eggs
2191,549,Ear Buds
2192,549,Cereal
2193,549,Tape
2194,550,Steak
2195,550,Milk
2196,550,King Crab
2197,550,Eggs
2198,550,Cereal
2199,551,Bracket
2200,551,Brush
2201,551,Steak
2202,551,Power Cord
2203,551,Phone Charger
2204,551,Paint
2205,551,Milk
2206,551,King Crab
2207,551,Glue
2208,551,Eggs
2209,551,Cereal
2210,551,Tape
2211,552,Nails
2212,552,King Crab
2213,552,Cereal
2214,553,Brush
2215,553,Paint
2216,553,Nails
2217,553,Glue
2218,553,Eggs
2219,553,Tape
2220,554,Bracket
2221,554,Brush
2222,554,Steak
2223,554,Paint
2224,554,King Crab
2225,554,Tape
2226,555,Brush
2227,555,Steak
2228,555,Shrimp
2229,555,Power Cord
2230,555,Paint
2231,555,Noodles
2232,555,Milk
2233,555,King Crab
2234,555,Eggs
2235,555,Cereal
2236,556,Brush
2237,556,Steak
2238,556,Shrimp
2239,556,Power Cord
2240,556,Paint
2241,556,Noodles
2242,556,Mouse
2243,556,Milk
2244,556,King Crab
2245,556,Eggs
2246,556,Cereal
2247,557,Brush
2248,557,Milk
2249,558,Power Cord
2250,558,Nails
2251,558,Milk
2252,558,King Crab
2253,558,Cereal
2254,559,Steak
2255,559,Shrimp
2256,559,Power Cord
2257,559,Milk
2258,559,King Crab
2259,559,Eggs
2260,561,Mouse
2261,562,Power Cord
2262,562,Noodles
2263,562,Milk
2264,562,King Crab
2265,562,Glue
2266,562,Cereal
2267,562,Tape
2268,563,Milk
2269,563,Cereal
2270,569,Brush
2271,569,Power Cord
2272,569,Milk
2273,569,King Crab
2274,569,Eggs
2275,570,Shrimp
2276,570,Power Cord
2277,570,Paint
2278,570,Noodles
2279,570,Nails
2280,570,Mouse
2281,570,Milk
2282,570,King Crab
2283,570,Eggs
2284,570,Ear Buds
2285,570,Cereal
2286,570,Tape
2287,572,Brush
2288,572,Power Cord
2289,572,Paint
2290,572,Nails
2291,572,Mouse
2292,572,Glue
2293,572,Eggs
2294,572,Ear Buds
2295,572,Cereal
2296,572,Tape
2297,573,Paint
2298,573,Nails
2299,573,King Crab
2300,573,Glue
2301,573,Eggs
2302,573,Cereal
2303,573,Tape
2304,574,Nails
2305,574,Milk
2306,574,Glue
2307,576,Steak
2308,576,Power Cord
2309,576,Phone Charger
2310,576,Paint
2311,576,Noodles
2312,576,King Crab
2313,576,Eggs
2314,576,Cereal
2315,577,Eggs
2316,577,Cereal
2317,578,Milk
2318,578,Eggs
2319,578,Cereal
2320,579,Steak
2321,579,Shrimp
2322,579,Power Cord
2323,579,Noodles
2324,579,Milk
2325,579,King Crab
2326,579,Eggs
2327,579,Ear Buds
2328,579,Cereal
2329,579,Tape
2330,580,Steak
2331,580,Shrimp
2332,580,Milk
2333,580,Cereal
2334,581,Milk
2335,581,Eggs
2336,582,Bracket
2337,582,Brush
2338,582,Steak
2339,582,Shrimp
2340,582,Power Cord
2341,582,Phone Charger
2342,582,Paint
2343,582,Noodles
2344,582,Nails
2345,582,Mouse
2346,582,Milk
2347,582,King Crab
2348,582,Keyboard
2349,582,Eggs
2350,582,Ear Buds
2351,582,Cereal
2352,582,Tape
2353,583,Bracket
2354,583,Brush
2355,583,Steak
2356,583,Shrimp
2357,583,Power Cord
2358,583,Phone Charger
2359,583,Paint
2360,583,Noodles
2361,583,Nails
2362,583,Mouse
2363,583,Milk
2364,583,King Crab
2365,583,Keyboard
2366,583,Glue
2367,583,Eggs
2368,583,Ear Buds
2369,583,Cereal
2370,583,Tape
2371,584,Bracket
2372,584,Brush
2373,584,Steak
2374,584,Shrimp
2375,584,Power Cord
2376,584,Phone Charger
2377,584,Paint
2378,584,Noodles
2379,584,Nails
2380,584,Mouse
2381,584,Milk
2382,584,King Crab
2383,584,Keyboard
2384,584,Eggs
2385,584,Cereal
2386,584,Tape
2387,586,Bracket
2388,586,Paint
2389,586,Nails
2390,586,Glue
2391,586,Tape
2392,587,Steak
2393,587,Paint
2394,587,Mouse
2395,587,King Crab
2396,590,Shrimp
2397,590,Power Cord
2398,590,Paint
2399,590,Nails
2400,590,Milk
2401,590,Glue
2402,590,Eggs
2403,590,Tape
2404,591,Phone Charger
2405,591,Paint
2406,591,Mouse
2407,591,King Crab
2408,591,Keyboard
2409,591,Ear Buds
2410,591,Cereal
2411,592,Brush
2412,592,Steak
2413,592,Shrimp
2414,592,Power Cord
2415,592,Phone Charger
2416,592,Noodles
2417,592,Nails
2418,592,Mouse
2419,592,Milk
2420,592,King Crab
2421,592,Keyboard
2422,592,Eggs
2423,592,Ear Buds
2424,592,Cereal
2425,593,Bracket
2426,593,Brush
2427,593,Steak
2428,593,Power Cord
2429,593,Phone Charger
2430,593,Paint
2431,593,Noodles
2432,593,Nails
2433,593,Milk
2434,593,King Crab
2435,593,Keyboard
2436,593,Glue
2437,593,Eggs
2438,593,Ear Buds
2439,593,Cereal
2440,593,Tape
2441,594,King Crab
2442,594,Eggs
2443,595,Brush
2444,595,Steak
2445,595,Noodles
2446,595,Mouse
2447,595,Milk
2448,595,King Crab
2449,595,Eggs
2450,595,Cereal
2451,595,Tape
2452,597,Nails
2453,599,Power Cord
2454,599,Paint
2455,599,Nails
2456,599,Milk
2457,599,King Crab
2458,599,Glue
2459,599,Cereal
2460,599,Tape
2461,600,Bracket
2462,600,Nails
2463,600,Milk
2464,600,King Crab
2465,600,Glue
2466,600,Eggs
2467,600,Cereal
2468,601,Shrimp
2469,601,King Crab
2470,601,Eggs
2471,603,Brush
2472,603,Shrimp
2473,603,Power Cord
2474,603,Paint
2475,603,Noodles
2476,603,Milk
2477,603,King Crab
2478,603,Eggs
2479,603,Cereal
2480,603,Tape
2481,604,Power Cord
2482,604,Nails
2483,604,Milk
2484,604,King Crab
2485,604,Eggs
2486,604,Cereal
2487,605,Brush
2488,605,Steak
2489,605,Shrimp
2490,605,Power Cord
2491,605,Mouse
2492,605,Milk
2493,605,King Crab
2494,605,Eggs
2495,605,Cereal
2496,607,Bracket
2497,607,Power Cord
2498,607,Noodles
2499,607,Milk
2500,607,King Crab
2501,607,Eggs
2502,607,Cereal
2503,607,Tape
2504,608,Milk
2505,615,Bracket
2506,615,Brush
2507,615,Shrimp
2508,615,Paint
2509,615,Nails
2510,615,Milk
2511,615,King Crab
2512,615,Glue
2513,615,Eggs
2514,615,Cereal
2515,615,Tape
2516,616,Bracket
2517,616,Tape
2518,617,Bracket
2519,617,Brush
2520,617,Tape
2521,618,Power Cord
2522,618,Paint
2523,618,Nails
2524,618,Eggs
2525,618,Tape
2526,619,Power Cord
2527,619,Milk
2528,619,Eggs
2529,619,Cereal
2530,619,Tape
2531,620,Shrimp
2532,620,Power Cord
2533,620,Noodles
2534,620,Mouse
2535,620,Milk
2536,620,King Crab
2537,620,Eggs
2538,621,Steak
2539,621,Shrimp
2540,621,Power Cord
2541,621,Paint
2542,621,Noodles
2543,621,Milk
2544,621,King Crab
2545,621,Eggs
2546,621,Cereal
2547,621,Tape
2548,622,Steak
2549,622,Shrimp
2550,622,Power Cord
2551,622,Phone Charger
2552,622,Noodles
2553,622,Milk
2554,622,King Crab
2555,622,Eggs
2556,622,Cereal
2557,623,Bracket
2558,623,Brush
2559,623,Power Cord
2560,623,Paint
2561,623,Milk
2562,623,Glue
2563,623,Cereal
2564,623,Tape
2565,624,Bracket
2566,624,Power Cord
2567,624,Paint
2568,624,Nails
2569,624,Glue
2570,624,Eggs
2571,624,Cereal
2572,624,Tape
2573,628,Milk
2574,629,Milk
2575,629,King Crab
2576,629,Eggs
2577,629,Cereal
2578,630,Power Cord
2579,630,Milk
2580,630,Eggs
2581,630,Cereal
2582,633,Eggs
2583,634,Milk
2584,634,Eggs
2585,635,Cereal
2586,636,Eggs
2587,638,Phone Charger
2588,638,Noodles
2589,638,Mouse
2590,638,Milk
2591,638,King Crab
2592,638,Glue
2593,638,Tape
2594,639,Steak
2595,639,Power Cord
2596,639,Milk
2597,639,King Crab
2598,640,Milk
2599,640,Eggs
2600,640,Cereal
2601,640,Tape
2602,642,Brush
2603,642,Noodles
2604,642,Mouse
2605,642,Eggs
2606,642,Cereal
2607,642,Tape
